{
  "seed": 2024,
  "threshold": 0.7499999999999999,
  "mean_f1": 0.9604323908023217,
  "mean_prec": 0.9600721803084895,
  "mean_rec": 0.9663872629681736,
  "agg_iou": 0.9378758769753639
}