{
  "seed": 123,
  "threshold": 0.7499999999999999,
  "mean_f1": 0.959704752669941,
  "mean_prec": 0.9513199563183309,
  "mean_rec": 0.9740053368405588,
  "agg_iou": 0.9373533001173389
}