{
  "seed": 42,
  "mean_f1": 0.9572283810609048,
  "agg_iou": 0.9347279654020301,
  "threshold": 0.7499999999999999,
  "phase1_epochs": 22,
  "phase2_epochs": 13
}