{
  "seed": 2024,
  "mean_f1": 0.9604323908023217,
  "agg_iou": 0.9378758769753639,
  "threshold": 0.7499999999999999,
  "phase1_epochs": 24,
  "phase2_epochs": 20
}