{
  "seed": 42,
  "threshold": 0.7499999999999999,
  "mean_f1": 0.9572283810609048,
  "mean_prec": 0.949382859125337,
  "mean_rec": 0.9723631529247039,
  "agg_iou": 0.9347279654020301
}