{
  "seed": 123,
  "mean_f1": 0.959704752669941,
  "agg_iou": 0.9373533001173389,
  "threshold": 0.7499999999999999,
  "phase1_epochs": 27,
  "phase2_epochs": 13
}